{
  "todos": {
    "Coordinator": {
      "1": {
        "id": "1",
        "content": "Extract content from Linktree profile",
        "details": "Use web extraction tools to get all content, links, and design elements from https://linktr.ee/gilburri including profile info, bio, links, and visual styling",
        "status": "completed",
        "priority": "high"
      },
      "2": {
        "id": "2",
        "content": "Analyze structure and design",
        "details": "Review the extracted content to understand the layout, styling, color scheme, and organization of elements",
        "status": "completed",
        "priority": "high"
      },
      "3": {
        "id": "3",
        "content": "Create cloned webpage",
        "details": "Build a static webpage that replicates the Linktree profile structure, content, and visual design using HTML/CSS",
        "status": "completed",
        "priority": "high"
      }
    }
  }
}